Center,Organ,Donor_Type,Total_Transplants,Graft30Days,Graft1Year,Survival30Days,Survival1Year,Prop_Female,Prop_Male,Age_18_30,Age_31_40,Age_41_50,Age_51_60,Age_61plus
AdventHealth Orlando (FL),Kidney,Deceased Donor,621.0,97.55,92.4,99.05,96.1,0.3526570048309179,0.6473429951690821,0.0869565217391304,0.1642512077294686,0.2061191626409017,0.2640901771336554,0.2415458937198067
AdventHealth Orlando (FL),Liver,Deceased Donor,352.0,97.19,91.11,98.23,92.48,0.3920454545454545,0.6079545454545454,0.0596590909090909,0.0994318181818181,0.1278409090909091,0.3011363636363636,0.2642045454545454
AdventHealth Porter (CO),Kidney,Living Donor,166.0,98.25,97.3,100.0,99.08,0.3493975903614458,0.6506024096385542,0.1325301204819277,0.108433734939759,0.180722891566265,0.1987951807228915,0.3795180722891566
Allegheny General Hospital (PA),Kidney,Deceased Donor,451.0,98.4,89.55,99.47,95.0,0.3569844789356984,0.6430155210643016,0.0354767184035476,0.0909090909090909,0.1441241685144124,0.2150776053215077,0.5144124168514412
Ann & Robert H. Lurie Children's Hospital of Chicago (IL),Heart,Deceased Donor,152.0,99.18,92.86,99.18,92.86,0.4144736842105263,0.5855263157894737,0.1118421052631579,0.0,0.0,0.0,0.0
Ann & Robert H. Lurie Children's Hospital of Chicago (IL),Kidney,Deceased Donor,110.0,98.72,98.55,100.0,100.0,0.4181818181818181,0.5818181818181818,0.1818181818181818,0.0,0.0,0.0,0.0
Banner University Medical Center-Tucson (AZ),Kidney,Deceased Donor,410.0,99.17,92.7,100.0,95.78,0.4,0.6,0.073170731707317,0.0951219512195122,0.1658536585365853,0.2585365853658536,0.4073170731707317
Banner-University Medical Center Phoenix (AZ),Kidney,Deceased Donor,455.0,97.87,93.62,99.2,94.48,0.4065934065934066,0.5934065934065934,0.0901098901098901,0.123076923076923,0.189010989010989,0.2725274725274725,0.3252747252747253
Banner-University Medical Center Phoenix (AZ),Liver,Deceased Donor,412.0,96.94,88.41,98.31,90.06,0.395631067961165,0.6043689320388349,0.0388349514563106,0.0703883495145631,0.1844660194174757,0.3033980582524271,0.4029126213592233
Barnes-Jewish Hospital (MO),Kidney,Deceased Donor,1344.0,98.72,93.88,99.54,95.7,0.4136904761904761,0.5863095238095238,0.0632440476190476,0.0967261904761904,0.1547619047619047,0.2306547619047619,0.4546130952380952
Barnes-Jewish Hospital (MO),Kidney,Living Donor,387.0,98.71,97.49,99.68,98.55,0.3204134366925064,0.6795865633074936,0.1007751937984496,0.1524547803617571,0.1731266149870801,0.2170542635658914,0.3565891472868217
Barnes-Jewish Hospital (MO),Lung,Deceased Donor,403.0,97.97,89.21,97.97,89.21,0.3771712158808933,0.6228287841191067,0.0570719602977667,0.0471464019851116,0.0794044665012407,0.2481389578163771,0.5682382133995038
Baylor  Scott and White All Saints Medical Center-Fort Worth (TX),Kidney,Deceased Donor,414.0,96.15,90.72,99.16,95.2,0.4396135265700483,0.5603864734299517,0.0579710144927536,0.1739130434782608,0.2391304347826087,0.2681159420289855,0.2608695652173913
Baylor University Medical Center (TX),Kidney,Deceased Donor,787.0,96.72,90.85,98.44,94.29,0.3951715374841169,0.6048284625158831,0.048284625158831,0.1410419313850063,0.2083862770012706,0.2630241423125794,0.3392630241423126
Baylor University Medical Center (TX),Kidney,Living Donor,273.0,98.69,97.63,100.0,100.0,0.3992673992673993,0.6007326007326007,0.0695970695970696,0.1721611721611721,0.2344322344322344,0.2783882783882784,0.2454212454212454
Beth Israel Deaconess Medical Center (MA),Liver,Deceased Donor,403.0,96.32,91.28,97.04,94.31,0.3449131513647642,0.6550868486352357,0.0397022332506203,0.1042183622828784,0.1464019851116625,0.337468982630273,0.3722084367245657
CHI St. Luke's Health Baylor College of Medicine Medical Center (TX),Kidney,Deceased Donor,554.0,98.71,93.8,99.35,95.24,0.4007220216606498,0.5992779783393501,0.0722021660649819,0.167870036101083,0.2292418772563177,0.2472924187725631,0.2833935018050541
CHI St. Luke's Health Baylor College of Medicine Medical Center (TX),Liver,Deceased Donor,495.0,98.72,95.79,98.97,96.3,0.4222222222222222,0.5777777777777777,0.0363636363636363,0.1252525252525252,0.2,0.305050505050505,0.3333333333333333
California Pacific Medical Center-Van Ness Campus (CA),Kidney,Deceased Donor,946.0,97.29,93.37,99.22,96.95,0.3752642706131078,0.6247357293868921,0.0665961945031712,0.168076109936575,0.175475687103594,0.2547568710359408,0.3350951374207188
California Pacific Medical Center-Van Ness Campus (CA),Kidney,Living Donor,226.0,100.0,100.0,100.0,100.0,0.3230088495575221,0.6769911504424779,0.1194690265486725,0.1814159292035398,0.1991150442477876,0.252212389380531,0.247787610619469
Carolinas Medical Center (NC),Heart,Deceased Donor,289.0,99.54,92.57,99.54,92.57,0.356401384083045,0.643598615916955,0.0553633217993079,0.1176470588235294,0.1557093425605536,0.245674740484429,0.2110726643598615
Carolinas Medical Center (NC),Kidney,Deceased Donor,597.0,98.55,94.58,99.79,97.67,0.4053601340033501,0.5946398659966499,0.0887772194304857,0.1206030150753768,0.2512562814070351,0.2596314907872696,0.2278056951423785
Cedars-Sinai Medical Center (CA),Heart,Deceased Donor,702.0,97.16,90.12,97.33,90.48,0.2621082621082621,0.7378917378917379,0.0669515669515669,0.0968660968660968,0.1595441595441595,0.2635327635327635,0.4131054131054131
Cedars-Sinai Medical Center (CA),Kidney,Deceased Donor,1323.0,97.3,92.62,99.16,96.36,0.4164777021919879,0.5835222978080121,0.0665154950869236,0.1254724111866969,0.1541950113378684,0.2479213907785336,0.382464096749811
Cedars-Sinai Medical Center (CA),Liver,Deceased Donor,603.0,96.37,91.2,97.2,93.0,0.351575456053068,0.648424543946932,0.0414593698175787,0.0762852404643449,0.1558872305140962,0.3018242122719735,0.4245439469320066
Charleston Area Medical Center (WV),Kidney,Deceased Donor,505.0,97.07,88.58,97.56,90.82,0.3504950495049505,0.6495049504950495,0.0455445544554455,0.0594059405940594,0.1504950495049505,0.2633663366336634,0.4811881188118811
Children's Hospital of Philadelphia (PA),Liver,Deceased Donor,85.0,97.1,92.19,100.0,96.72,0.5764705882352941,0.4235294117647059,0.0,0.0,0.0,0.0,0.0
Children's of Alabama (AL),Kidney,Deceased Donor,55.0,100.0,97.22,100.0,100.0,0.3818181818181818,0.6181818181818182,0.0,0.0,0.0,0.0,0.0
Cleveland Clinic Florida Weston (FL),Kidney,Deceased Donor,693.0,98.78,90.7,99.3,92.93,0.4011544011544011,0.5988455988455988,0.0389610389610389,0.1327561327561327,0.1933621933621933,0.2539682539682539,0.3809523809523809
Duke University Hospital (NC),Heart,Deceased Donor,693.0,97.09,90.25,97.26,90.43,0.3261183261183261,0.6738816738816739,0.088023088023088,0.1024531024531024,0.1847041847041847,0.3145743145743145,0.2308802308802308
Duke University Hospital (NC),Liver,Deceased Donor,748.0,97.17,92.83,97.86,94.11,0.3917112299465241,0.6082887700534759,0.0294117647058823,0.0802139037433155,0.1577540106951871,0.320855614973262,0.3382352941176471
Duke University Hospital (NC),Lung,Deceased Donor,619.0,96.99,85.11,97.17,85.28,0.3812600969305331,0.6187399030694669,0.048465266558966,0.0597738287560581,0.0953150242326332,0.1922455573505654,0.6042003231017771
Emory University Hospital (GA),Heart,Deceased Donor,289.0,93.64,86.36,93.64,86.36,0.28719723183391,0.71280276816609,0.0865051903114186,0.1418685121107266,0.2110726643598615,0.3391003460207612,0.2214532871972318
Emory University Hospital (GA),Kidney,Deceased Donor,1426.0,98.28,93.03,99.22,95.59,0.426367461430575,0.573632538569425,0.0729312762973352,0.1241234221598878,0.2208976157082749,0.2833099579242636,0.2987377279102384
Emory University Hospital (GA),Kidney,Living Donor,522.0,99.52,97.7,99.76,97.95,0.4233716475095785,0.5766283524904214,0.1206896551724138,0.1513409961685823,0.2030651340996168,0.2547892720306513,0.2701149425287356
Erlanger Medical Center (TN),Kidney,Deceased Donor,154.0,97.44,91.51,99.15,96.12,0.422077922077922,0.577922077922078,0.1038961038961039,0.1623376623376623,0.2077922077922078,0.2662337662337662,0.2597402597402597
Froedtert Memorial Lutheran Hospital (WI),Kidney,Deceased Donor,375.0,97.69,91.9,99.61,96.52,0.4,0.6,0.0693333333333333,0.1253333333333333,0.1493333333333333,0.2533333333333333,0.4026666666666667
George Washington University Hospital (DC),Kidney,Deceased Donor,252.0,98.59,92.68,98.59,95.0,0.4087301587301587,0.5912698412698413,0.0674603174603174,0.1785714285714285,0.2103174603174603,0.25,0.2936507936507936
Harbor UCLA Medical Center (CA),Kidney,Deceased Donor,180.0,99.26,97.79,100.0,99.26,0.4055555555555555,0.5944444444444444,0.0888888888888888,0.3388888888888889,0.2388888888888889,0.2111111111111111,0.1222222222222222
Hennepin County Medical Center (MN),Kidney,Deceased Donor,247.0,99.5,96.48,99.5,97.46,0.4048582995951417,0.5951417004048583,0.0850202429149797,0.1700404858299595,0.2024291497975708,0.2834008097165992,0.2591093117408907
Henry Ford Hospital (MI),Kidney,Deceased Donor,446.0,96.77,89.56,98.22,93.11,0.4013452914798206,0.5986547085201793,0.0538116591928251,0.1031390134529148,0.1883408071748878,0.257847533632287,0.3968609865470852
Henry Ford Hospital (MI),Liver,Deceased Donor,580.0,97.6,90.33,97.82,92.07,0.3637931034482758,0.6362068965517241,0.0327586206896551,0.0672413793103448,0.146551724137931,0.3586206896551724,0.3948275862068965
Hospital of the University of Pennsylvania (PA),Heart,Deceased Donor,267.0,96.0,86.73,96.0,86.73,0.2584269662921348,0.7415730337078652,0.1048689138576779,0.1348314606741573,0.146067415730337,0.3258426966292135,0.2883895131086142
Hospital of the University of Pennsylvania (PA),Kidney,Deceased Donor,785.0,99.39,92.96,99.69,97.01,0.4191082802547771,0.5808917197452229,0.0535031847133758,0.1159235668789809,0.1617834394904458,0.289171974522293,0.3796178343949045
Hospital of the University of Pennsylvania (PA),Kidney,Living Donor,522.0,100.0,98.99,100.0,99.32,0.3888888888888889,0.6111111111111112,0.1091954022988505,0.1494252873563218,0.1781609195402299,0.2758620689655172,0.2873563218390804
Hospital of the University of Pennsylvania (PA),Lung,Deceased Donor,352.0,97.26,88.08,97.26,88.08,0.3721590909090909,0.6278409090909091,0.0511363636363636,0.0823863636363636,0.1278409090909091,0.2698863636363636,0.46875
Houston Methodist Hospital (TX),Kidney,Deceased Donor,784.0,97.96,90.52,99.05,92.62,0.4400510204081632,0.5599489795918368,0.0701530612244897,0.1339285714285714,0.1938775510204081,0.2563775510204081,0.3456632653061224
Houston Methodist Hospital (TX),Kidney,Living Donor,650.0,99.25,96.4,99.44,97.85,0.403076923076923,0.5969230769230769,0.0907692307692307,0.1246153846153846,0.2215384615384615,0.2307692307692307,0.3323076923076923
Houston Methodist Hospital (TX),Liver,Deceased Donor,1156.0,96.18,87.52,98.73,90.48,0.4160899653979238,0.5839100346020761,0.0354671280276816,0.1072664359861591,0.1704152249134948,0.2664359861591695,0.4204152249134948
Indiana University Health (IN),Kidney,Deceased Donor,1089.0,97.0,90.44,97.77,92.39,0.3884297520661157,0.6115702479338843,0.0642791551882461,0.1542699724517906,0.1790633608815427,0.2387511478420569,0.3213957759412305
Indiana University Health (IN),Liver,Deceased Donor,909.0,95.36,89.78,96.58,91.53,0.4059405940594059,0.594059405940594,0.0308030803080308,0.0935093509350935,0.165016501650165,0.3058305830583058,0.3465346534653465
Inova Fairfax Hospital (VA),Kidney,Living Donor,162.0,100.0,98.57,100.0,98.57,0.4074074074074074,0.5925925925925926,0.1790123456790123,0.191358024691358,0.1975308641975308,0.1975308641975308,0.2345679012345679
Intermountain Medical Center (UT),Kidney,Deceased Donor,712.0,99.21,95.87,99.8,97.5,0.3679775280898876,0.6320224719101124,0.0702247191011236,0.1264044943820224,0.1769662921348314,0.2162921348314606,0.4101123595505618
Intermountain Medical Center (UT),Kidney,Living Donor,255.0,98.96,98.91,99.48,99.45,0.3254901960784314,0.6745098039215687,0.1529411764705882,0.1568627450980392,0.2039215686274509,0.2156862745098039,0.2705882352941176
Intermountain Medical Center (UT),Liver,Deceased Donor,591.0,98.79,94.02,99.03,97.19,0.3807106598984771,0.6192893401015228,0.038917089678511,0.1133671742808798,0.1742808798646362,0.3079526226734349,0.365482233502538
Iowa Methodist Medical Center (IA),Kidney,Deceased Donor,456.0,96.38,87.92,98.96,93.51,0.3355263157894737,0.6644736842105263,0.050438596491228,0.1052631578947368,0.1513157894736842,0.2324561403508772,0.4605263157894737
Jackson Memorial Hospital University of Miami School of Medicine (FL),Kidney,Deceased Donor,2010.0,98.01,88.65,99.2,92.53,0.36318407960199,0.6368159203980099,0.0487562189054726,0.0920398009950248,0.1517412935323383,0.2945273631840796,0.382089552238806
Jackson Memorial Hospital University of Miami School of Medicine (FL),Kidney,Living Donor,302.0,100.0,97.18,100.0,97.57,0.3245033112582781,0.6754966887417219,0.1788079470198675,0.162251655629139,0.1986754966887417,0.1920529801324503,0.195364238410596
Jackson Memorial Hospital University of Miami School of Medicine (FL),Liver,Deceased Donor,866.0,95.74,86.77,96.9,88.87,0.3475750577367205,0.6524249422632794,0.0311778290993071,0.0600461893764434,0.1316397228637413,0.3094688221709007,0.3683602771362587
Jewish Hospital (KY),Kidney,Deceased Donor,307.0,97.56,91.36,97.56,92.63,0.3876221498371335,0.6123778501628665,0.0521172638436482,0.1302931596091205,0.1921824104234527,0.2801302931596091,0.3452768729641693
Johns Hopkins Hospital (MD),Kidney,Deceased Donor,1079.0,97.44,93.62,99.55,96.9,0.4087117701575533,0.5912882298424467,0.0509731232622798,0.1269694161260426,0.1584800741427247,0.2520852641334569,0.3836886005560704
Johns Hopkins Hospital (MD),Liver,Deceased Donor,587.0,97.76,92.89,98.57,94.07,0.3696763202725724,0.6303236797274276,0.0494037478705281,0.1039182282793867,0.1993185689948892,0.2913117546848381,0.3253833049403747
Keck Hospital of USC (CA),Kidney,Deceased Donor,871.0,98.5,92.95,99.72,95.79,0.3777267508610792,0.6222732491389208,0.0516647531572904,0.1699196326061997,0.1768082663605051,0.2847301951779564,0.3168771526980482
Keck Hospital of USC (CA),Kidney,Living Donor,204.0,98.84,98.77,100.0,100.0,0.3529411764705882,0.6470588235294118,0.1617647058823529,0.1911764705882352,0.196078431372549,0.230392156862745,0.2205882352941176
Keck Hospital of USC (CA),Liver,Deceased Donor,675.0,97.37,93.39,98.76,95.5,0.434074074074074,0.5659259259259259,0.0459259259259259,0.1111111111111111,0.1451851851851852,0.3051851851851851,0.3925925925925926
Largo Medical Center (FL),Kidney,Deceased Donor,291.0,98.21,92.06,99.11,95.19,0.3814432989690721,0.6185567010309279,0.0721649484536082,0.120274914089347,0.1546391752577319,0.2852233676975945,0.3676975945017182
Le Bonheur Children's Medical Center (TN),Heart,Deceased Donor,52.0,95.24,94.74,97.56,97.3,0.5,0.5,0.0,0.0,0.0,0.0,0.0
Legacy Good Samaritan Hospital and Medical Center (OR),Kidney,Deceased Donor,380.0,98.4,95.1,99.36,97.01,0.3894736842105263,0.6105263157894737,0.0868421052631579,0.1868421052631579,0.1868421052631579,0.2236842105263158,0.3157894736842105
Loma Linda University Medical Center (CA),Kidney,Deceased Donor,1048.0,98.24,90.91,99.17,93.65,0.4093511450381679,0.5906488549618321,0.0896946564885496,0.1555343511450381,0.1698473282442748,0.2604961832061068,0.2929389312977099
Loma Linda University Medical Center (CA),Liver,Deceased Donor,625.0,96.94,91.36,97.31,92.12,0.3408,0.6592,0.0512,0.1344,0.1664,0.3328,0.3152
Loyola University Medical Center (IL),Kidney,Deceased Donor,883.0,97.93,93.23,99.26,95.79,0.3737259343148358,0.6262740656851642,0.0532276330690826,0.1325028312570781,0.1947904869762174,0.2582106455266138,0.3612684031710079
Loyola University Medical Center (IL),Kidney,Living Donor,217.0,98.87,96.32,99.43,97.04,0.4055299539170507,0.5944700460829493,0.1013824884792626,0.1105990783410138,0.1981566820276497,0.2442396313364055,0.3456221198156682
Lucile Salter Packard Children's Hospital at Stanford (CA),Heart,Deceased Donor,133.0,97.37,93.69,98.25,93.69,0.4210526315789473,0.5789473684210527,0.1654135338345864,0.0,0.0,0.0,0.0
Massachusetts General Hospital (MA),Kidney,Living Donor,318.0,98.81,97.95,99.6,98.77,0.3396226415094339,0.660377358490566,0.0943396226415094,0.1132075471698113,0.1761006289308176,0.279874213836478,0.3364779874213836
Mayo Clinic Hospital Arizona (AZ),Heart,Deceased Donor,215.0,100.0,96.51,100.0,96.51,0.2325581395348837,0.7674418604651163,0.0790697674418604,0.0930232558139534,0.1395348837209302,0.3209302325581395,0.3674418604651163
Mayo Clinic Hospital Arizona (AZ),Kidney,Deceased Donor,2052.0,97.76,92.89,99.82,97.12,0.3635477582846004,0.6364522417153996,0.0521442495126705,0.0964912280701754,0.172027290448343,0.2461013645224171,0.4332358674463937
Mayo Clinic Hospital Arizona (AZ),Kidney,Living Donor,556.0,99.1,97.4,99.77,98.42,0.3974820143884892,0.6025179856115108,0.0863309352517985,0.1205035971223021,0.1780575539568345,0.2733812949640288,0.3417266187050359
Mayo Clinic Hospital Arizona (AZ),Liver,Deceased Donor,1306.0,97.66,91.36,98.87,95.37,0.3675344563552833,0.6324655436447167,0.0206738131699846,0.0742725880551301,0.1339969372128637,0.2695252679938744,0.501531393568147
Mayo Clinic Hospital Florida (FL),Kidney,Deceased Donor,845.0,98.72,90.53,99.57,94.86,0.4118343195266272,0.5881656804733728,0.0366863905325443,0.1183431952662721,0.1798816568047337,0.2603550295857988,0.4047337278106508
Mayo Clinic Hospital Florida (FL),Liver,Deceased Donor,900.0,96.13,92.5,97.89,94.96,0.3644444444444444,0.6355555555555555,0.0233333333333333,0.0644444444444444,0.1433333333333333,0.2788888888888889,0.49
Mayo Clinic Hospital Minnesota (MN),Heart,Deceased Donor,280.0,97.17,89.95,98.1,91.26,0.3571428571428571,0.6428571428571429,0.0892857142857142,0.1,0.1892857142857142,0.1964285714285714,0.2642857142857143
Mayo Clinic Hospital Minnesota (MN),Kidney,Deceased Donor,640.0,97.71,95.09,99.42,97.02,0.475,0.525,0.0453125,0.128125,0.1828125,0.2421875,0.3625
Mayo Clinic Hospital Minnesota (MN),Liver,Deceased Donor,676.0,98.35,94.27,99.07,95.51,0.3801775147928994,0.6198224852071006,0.0650887573964497,0.1094674556213017,0.1982248520710059,0.2633136094674556,0.3269230769230769
Medical City Dallas Hospital (TX),Kidney,Deceased Donor,666.0,98.14,93.1,99.25,95.89,0.4009009009009009,0.5990990990990991,0.0705705705705705,0.1291291291291291,0.2192192192192192,0.2537537537537537,0.3018018018018018
Medical City Fort Worth (TX),Kidney,Deceased Donor,510.0,98.09,95.96,99.28,97.45,0.4156862745098039,0.5843137254901961,0.0666666666666666,0.092156862745098,0.1823529411764705,0.2764705882352941,0.3823529411764705
Medical University of South Carolina (SC),Heart,Deceased Donor,282.0,97.32,91.53,97.32,91.53,0.3120567375886525,0.6879432624113475,0.0992907801418439,0.0886524822695035,0.1879432624113475,0.3368794326241134,0.2872340425531915
Medical University of South Carolina (SC),Kidney,Deceased Donor,1631.0,98.26,93.03,99.42,95.36,0.4475781729000613,0.5524218270999387,0.0435315757204169,0.1275291232372777,0.2237890864500306,0.2667075413856529,0.3188228080931943
Medical University of South Carolina (SC),Liver,Deceased Donor,416.0,97.58,92.18,98.48,93.09,0.3365384615384615,0.6634615384615384,0.0408653846153846,0.0745192307692307,0.1995192307692307,0.3269230769230769,0.2836538461538461
Medstar Georgetown Transplant Institute (DC),Liver,Deceased Donor,668.0,96.08,89.82,96.44,90.18,0.3383233532934132,0.6616766467065869,0.0404191616766467,0.1197604790419161,0.1347305389221557,0.2365269461077844,0.344311377245509
"Memorial Hermann Hospital, University of Texas at Houston (TX)",Kidney,Deceased Donor,236.0,99.03,94.86,99.52,96.51,0.3474576271186441,0.652542372881356,0.1144067796610169,0.1398305084745762,0.1694915254237288,0.211864406779661,0.211864406779661
Methodist Dallas Medical Center (TX),Kidney,Deceased Donor,605.0,98.74,92.05,98.74,93.91,0.4264462809917355,0.5735537190082645,0.0578512396694214,0.1239669421487603,0.2198347107438016,0.2826446280991735,0.315702479338843
Methodist Specialty and Transplant Hospital (TX),Heart,Deceased Donor,228.0,96.51,93.29,97.66,94.48,0.1973684210526315,0.8026315789473685,0.0833333333333333,0.0833333333333333,0.1535087719298245,0.3070175438596491,0.3728070175438596
Methodist Specialty and Transplant Hospital (TX),Kidney,Deceased Donor,986.0,97.83,90.91,98.77,94.59,0.4087221095334685,0.5912778904665315,0.088235294117647,0.165314401622718,0.2677484787018255,0.2829614604462475,0.1957403651115618
Methodist Specialty and Transplant Hospital (TX),Kidney,Living Donor,1164.0,99.23,97.49,99.67,98.32,0.3728522336769759,0.627147766323024,0.1065292096219931,0.1580756013745704,0.2353951890034364,0.2723367697594501,0.2276632302405498
Montefiore Medical Center (NY),Kidney,Deceased Donor,872.0,98.02,91.11,98.93,93.79,0.3761467889908257,0.6238532110091743,0.0493119266055045,0.0802752293577981,0.1548165137614678,0.2614678899082568,0.4162844036697247
Mount Sinai Medical Center (NY),Kidney,Deceased Donor,1001.0,96.43,88.97,98.02,91.5,0.4045954045954046,0.5954045954045954,0.0379620379620379,0.1168831168831168,0.1648351648351648,0.2907092907092907,0.3626373626373626
Mount Sinai Medical Center (NY),Kidney,Living Donor,420.0,99.7,98.25,99.7,98.6,0.369047619047619,0.6309523809523809,0.0666666666666666,0.1619047619047619,0.1809523809523809,0.238095238095238,0.3095238095238095
Mount Sinai Medical Center (NY),Liver,Deceased Donor,924.0,95.22,85.97,96.24,87.92,0.3874458874458874,0.6125541125541125,0.0519480519480519,0.0952380952380952,0.1807359307359307,0.2976190476190476,0.3300865800865801
NY Presbyterian Hospital/Columbia Univ. Medical Center (NY),Heart,Deceased Donor,538.0,97.98,92.43,98.65,93.1,0.2881040892193308,0.7118959107806692,0.0613382899628252,0.0947955390334572,0.1078066914498141,0.2360594795539033,0.2546468401486988
NY Presbyterian Hospital/Columbia Univ. Medical Center (NY),Kidney,Deceased Donor,627.0,96.28,90.85,98.34,93.88,0.3684210526315789,0.631578947368421,0.0526315789473684,0.1228070175438596,0.1578947368421052,0.291866028708134,0.3476874003189792
NY Presbyterian Hospital/Columbia Univ. Medical Center (NY),Liver,Deceased Donor,556.0,95.76,90.71,97.84,93.61,0.3723021582733813,0.6276978417266187,0.0647482014388489,0.0683453237410072,0.1169064748201438,0.276978417266187,0.302158273381295
North Shore University Hospital/Northwell Health (NY),Kidney,Living Donor,254.0,100.0,98.86,100.0,98.86,0.3346456692913386,0.6653543307086615,0.0905511811023622,0.0984251968503937,0.1653543307086614,0.2401574803149606,0.405511811023622
Northwestern Memorial Hospital (IL),Kidney,Deceased Donor,1075.0,97.9,93.52,98.88,95.78,0.4,0.6,0.0576744186046511,0.1144186046511628,0.173953488372093,0.3181395348837209,0.3358139534883721
Northwestern Memorial Hospital (IL),Kidney,Living Donor,502.0,99.51,97.3,100.0,98.37,0.4063745019920319,0.5936254980079682,0.1434262948207171,0.1294820717131474,0.1892430278884462,0.2669322709163346,0.2709163346613545
Northwestern Memorial Hospital (IL),Liver,Deceased Donor,587.0,96.6,89.9,97.84,91.28,0.3236797274275979,0.676320272572402,0.0442930153321976,0.0851788756388415,0.141396933560477,0.3066439522998296,0.4224872231686541
OU Medical Center (OK),Kidney,Deceased Donor,193.0,97.4,91.1,98.7,94.37,0.4404145077720207,0.5595854922279793,0.0984455958549222,0.1036269430051813,0.160621761658031,0.1968911917098445,0.2642487046632124
Ochsner Foundation Hospital (LA),Kidney,Living Donor,242.0,99.47,97.63,100.0,98.22,0.4256198347107438,0.5743801652892562,0.1115702479338843,0.1322314049586777,0.2148760330578512,0.2892561983471074,0.2520661157024793
Ohio State University Medical Center (OH),Kidney,Deceased Donor,1299.0,98.79,92.77,99.53,95.33,0.4064665127020785,0.5935334872979214,0.052347959969207,0.1116243264049268,0.1878367975365666,0.285604311008468,0.3625866050808314
Ohio State University Medical Center (OH),Kidney,Living Donor,430.0,98.9,95.9,99.45,97.58,0.3697674418604651,0.6302325581395349,0.0813953488372093,0.141860465116279,0.1906976744186046,0.2511627906976744,0.3348837209302325
Ohio State University Medical Center (OH),Liver,Deceased Donor,882.0,97.51,90.59,98.08,91.89,0.4036281179138322,0.5963718820861678,0.0294784580498866,0.0986394557823129,0.1825396825396825,0.3163265306122449,0.373015873015873
Oregon Health and Science University (OR),Kidney,Deceased Donor,720.0,98.32,94.89,99.83,96.88,0.4083333333333333,0.5916666666666667,0.0833333333333333,0.1583333333333333,0.1694444444444444,0.2527777777777777,0.2944444444444444
Oregon Health and Science University (OR),Liver,Deceased Donor,405.0,98.72,95.31,99.04,95.69,0.3555555555555555,0.6444444444444445,0.0493827160493827,0.0987654320987654,0.2148148148148148,0.3259259259259259,0.3111111111111111
Piedmont Hospital (GA),Kidney,Deceased Donor,1382.0,98.55,93.2,99.54,96.09,0.4536903039073806,0.5463096960926194,0.0412445730824891,0.1309696092619392,0.2062228654124457,0.2829232995658466,0.3386396526772793
Piedmont Hospital (GA),Kidney,Living Donor,430.0,99.15,98.12,99.72,98.75,0.3372093023255814,0.6627906976744186,0.0790697674418604,0.1604651162790697,0.2186046511627907,0.2511627906976744,0.2906976744186046
Piedmont Hospital (GA),Liver,Deceased Donor,820.0,97.31,91.81,97.89,92.89,0.4109756097560975,0.5890243902439024,0.023170731707317,0.1158536585365853,0.1951219512195122,0.3304878048780488,0.3353658536585366
Presbyterian Hospital (NM),Kidney,Deceased Donor,207.0,100.0,94.08,100.0,94.7,0.463768115942029,0.5362318840579711,0.0821256038647343,0.1352657004830917,0.217391304347826,0.1884057971014492,0.3768115942028985
Presbyterian/St Luke's Medical Center (CO),Kidney,Deceased Donor,246.0,97.5,92.18,99.49,95.95,0.3902439024390244,0.6097560975609756,0.065040650406504,0.1463414634146341,0.2032520325203252,0.2764227642276423,0.3089430894308943
Providence Sacred Heart Medical Center & Children's Hospital (WA),Kidney,Deceased Donor,202.0,100.0,98.13,100.0,100.0,0.3514851485148514,0.6485148514851485,0.1336633663366336,0.1683168316831683,0.1633663366336633,0.198019801980198,0.3366336633663366
Saint Barnabas Medical Center (NJ),Kidney,Deceased Donor,1286.0,96.49,87.39,98.59,92.45,0.3856920684292379,0.614307931570762,0.0388802488335925,0.0964230171073094,0.1617418351477449,0.3312597200622084,0.3553654743390357
Saint Thomas Hospital (TN),Kidney,Deceased Donor,644.0,97.35,86.58,98.22,90.57,0.4378881987577639,0.562111801242236,0.0326086956521739,0.0993788819875776,0.1692546583850931,0.2686335403726708,0.4301242236024845
Scott and White Memorial Hospital (TX),Kidney,Deceased Donor,515.0,98.49,87.64,99.14,93.99,0.4155339805825243,0.5844660194174758,0.0446601941747572,0.0970873786407767,0.1883495145631068,0.2601941747572815,0.4097087378640777
Seattle Children's Hospital (WA),Kidney,Deceased Donor,107.0,98.81,98.65,98.81,98.65,0.4485981308411215,0.5514018691588785,0.205607476635514,0.0,0.0,0.0,0.0
Sharp Memorial Hospital (CA),Kidney,Living Donor,172.0,100.0,98.45,100.0,100.0,0.4127906976744186,0.5872093023255814,0.1046511627906976,0.1569767441860465,0.2151162790697674,0.2034883720930232,0.3197674418604651
St John Medical Center (OK),Kidney,Deceased Donor,241.0,98.15,91.53,99.07,93.62,0.3651452282157676,0.6348547717842323,0.1120331950207468,0.1369294605809128,0.2365145228215767,0.2199170124481327,0.2946058091286307
St Luke's Hospital of Kansas City (MO),Kidney,Deceased Donor,623.0,98.56,91.01,99.28,93.51,0.434991974317817,0.565008025682183,0.0593900481540931,0.1043338683788122,0.1717495987158908,0.2889245585874799,0.3756019261637239
Stanford Health Care (CA),Heart,Deceased Donor,447.0,97.55,90.0,98.09,90.55,0.2304250559284116,0.7695749440715883,0.0782997762863534,0.0984340044742729,0.1856823266219239,0.2863534675615212,0.3512304250559284
Stanford Health Care (CA),Kidney,Deceased Donor,717.0,99.5,95.26,99.67,97.13,0.3960948396094839,0.603905160390516,0.0543933054393305,0.1743375174337517,0.1743375174337517,0.2301255230125523,0.3668061366806137
Stanford Health Care (CA),Kidney,Living Donor,211.0,100.0,100.0,100.0,100.0,0.4123222748815165,0.5876777251184834,0.1800947867298578,0.2132701421800948,0.1848341232227488,0.1990521327014218,0.2227488151658767
Stanford Health Care (CA),Liver,Deceased Donor,617.0,96.52,90.7,97.72,92.42,0.3403565640194489,0.6596434359805511,0.0470016207455429,0.126418152350081,0.1880064829821718,0.3014586709886548,0.3371150729335494
Swedish Medical Center (WA),Kidney,Deceased Donor,531.0,99.04,95.45,99.52,97.19,0.423728813559322,0.576271186440678,0.0489642184557438,0.1732580037664783,0.2278719397363465,0.2071563088512241,0.3427495291902072
Tampa General Hospital (FL),Heart,Deceased Donor,229.0,96.61,86.67,96.61,86.67,0.2576419213973799,0.74235807860262,0.0698689956331877,0.0698689956331877,0.1397379912663755,0.3755458515283842,0.3449781659388646
Tampa General Hospital (FL),Kidney,Deceased Donor,1795.0,98.4,91.93,99.64,95.15,0.3949860724233983,0.6050139275766017,0.0495821727019498,0.1075208913649025,0.1559888579387186,0.2367688022284122,0.4172701949860724
Tampa General Hospital (FL),Liver,Deceased Donor,996.0,97.81,89.67,98.35,90.77,0.3755020080321285,0.6244979919678715,0.0281124497991967,0.0943775100401606,0.1586345381526104,0.2961847389558233,0.4226907630522088
Texas Children's Hospital (TX),Kidney,Deceased Donor,134.0,100.0,95.19,100.0,99.0,0.4552238805970149,0.5447761194029851,0.1567164179104477,0.0,0.0,0.0,0.0
Texas Health Harris Methodist Fort Worth Hospital (TX),Kidney,Deceased Donor,164.0,95.16,89.66,97.56,92.17,0.4634146341463415,0.5365853658536586,0.1402439024390244,0.1402439024390244,0.2012195121951219,0.274390243902439,0.2439024390243902
The Cleveland Clinic Foundation (OH),Heart,Deceased Donor,363.0,98.31,94.65,98.31,94.65,0.325068870523416,0.6749311294765841,0.0688705234159779,0.1046831955922865,0.1129476584022038,0.2589531680440771,0.3774104683195592
The Cleveland Clinic Foundation (OH),Liver,Deceased Donor,1019.0,96.7,88.99,97.44,90.63,0.3905789990186457,0.6094210009813543,0.0323846908734053,0.0834151128557409,0.1570166830225711,0.3012757605495584,0.408243375858685
The Cleveland Clinic Foundation (OH),Lung,Deceased Donor,649.0,97.53,85.59,97.72,85.97,0.3405238828967643,0.6594761171032357,0.024653312788906,0.0523882896764252,0.0755007704160246,0.2465331278890601,0.600924499229584
The Nebraska Medical Center (NE),Kidney,Deceased Donor,711.0,98.25,92.23,99.3,94.82,0.3980309423347398,0.6019690576652602,0.0618846694796061,0.1181434599156118,0.160337552742616,0.2531645569620253,0.3825597749648382
The Nebraska Medical Center (NE),Kidney,Living Donor,211.0,99.33,96.35,100.0,98.52,0.3886255924170616,0.6113744075829384,0.0947867298578199,0.1469194312796208,0.1753554502369668,0.2322274881516587,0.2559241706161137
The Nebraska Medical Center (NE),Liver,Deceased Donor,658.0,96.71,90.61,97.84,92.63,0.3890577507598784,0.6109422492401215,0.0425531914893617,0.1261398176291793,0.1641337386018237,0.2537993920972644,0.2978723404255319
Tulane Medical Center (LA),Kidney,Deceased Donor,474.0,98.09,95.29,99.45,97.89,0.4282700421940928,0.5717299578059072,0.0843881856540084,0.1751054852320675,0.2447257383966244,0.2320675105485232,0.2637130801687763
Tulane Medical Center (LA),Kidney,Living Donor,187.0,100.0,98.69,100.0,98.69,0.3957219251336898,0.6042780748663101,0.0855614973262032,0.1336898395721925,0.213903743315508,0.2620320855614973,0.3048128342245989
UAMS Medical Center (AR),Kidney,Deceased Donor,876.0,99.07,95.06,99.73,97.64,0.3881278538812785,0.6118721461187214,0.0593607305936073,0.1415525114155251,0.2385844748858447,0.2751141552511416,0.2853881278538813
UF Health Shands Hospital (FL),Kidney,Deceased Donor,819.0,99.42,95.83,99.56,97.08,0.4175824175824176,0.5824175824175825,0.0708180708180708,0.1111111111111111,0.1611721611721611,0.2527472527472527,0.3467643467643467
UF Health Shands Hospital (FL),Liver,Deceased Donor,647.0,98.99,97.62,99.39,98.04,0.4034003091190108,0.5965996908809892,0.0340030911901081,0.1236476043276661,0.1947449768160742,0.3384853168469861,0.3091190108191654
UT Southwestern Medical Center/William P. Clements Jr. University Hospital (TX),Heart,Deceased Donor,231.0,98.31,93.75,98.31,93.75,0.2554112554112554,0.7445887445887446,0.1082251082251082,0.0779220779220779,0.2034632034632034,0.303030303030303,0.3073593073593073
UT Southwestern Medical Center/William P. Clements Jr. University Hospital (TX),Kidney,Deceased Donor,971.0,99.35,95.59,99.74,96.94,0.384140061791967,0.615859938208033,0.0751802265705458,0.1225540679711637,0.1627188465499485,0.2832131822863027,0.3563336766220391
UT Southwestern Medical Center/William P. Clements Jr. University Hospital (TX),Kidney,Living Donor,185.0,100.0,97.9,100.0,97.9,0.427027027027027,0.572972972972973,0.1675675675675675,0.1945945945945946,0.2216216216216216,0.2,0.2162162162162162
UT Southwestern Medical Center/William P. Clements Jr. University Hospital (TX),Liver,Deceased Donor,619.0,98.6,94.61,99.0,95.8,0.3473344103392569,0.6526655896607432,0.0420032310177706,0.1001615508885298,0.1567043618739903,0.3182552504038772,0.3828756058158319
"University Hospital, University of Texas Health Science Center (TX)",Kidney,Deceased Donor,651.0,97.88,93.83,99.42,96.46,0.4009216589861751,0.5990783410138248,0.0875576036866359,0.1198156682027649,0.1827956989247312,0.3056835637480798,0.304147465437788
"University Hospital, University of Texas Health Science Center (TX)",Kidney,Living Donor,257.0,100.0,100.0,100.0,100.0,0.4046692607003891,0.5953307392996109,0.1284046692607003,0.1828793774319066,0.2801556420233463,0.22568093385214,0.1828793774319066
"University Hospital, University of Texas Health Science Center (TX)",Liver,Deceased Donor,453.0,99.14,92.17,100.0,93.53,0.3642384105960264,0.6357615894039735,0.0375275938189845,0.1015452538631346,0.1743929359823399,0.3465783664459161,0.3399558498896247
University Hospitals of Cleveland (OH),Kidney,Deceased Donor,702.0,98.36,92.5,99.27,95.02,0.3575498575498576,0.6424501424501424,0.0441595441595441,0.1011396011396011,0.1666666666666666,0.2535612535612536,0.4116809116809117
University Medical Center of Southern Nevada (NV),Kidney,Deceased Donor,676.0,99.2,96.11,99.4,96.95,0.3801775147928994,0.6198224852071006,0.0680473372781065,0.1331360946745562,0.1789940828402366,0.301775147928994,0.3180473372781065
University of Alabama Hospital (AL),Kidney,Deceased Donor,1301.0,98.28,89.28,99.37,91.91,0.4135280553420445,0.5864719446579554,0.0661029976940814,0.1260568793235972,0.2213681783243658,0.3066871637202152,0.2797847809377402
University of Alabama Hospital (AL),Kidney,Living Donor,317.0,99.27,98.39,100.0,99.19,0.3848580441640378,0.6151419558359621,0.1293375394321766,0.1230283911671924,0.1987381703470031,0.2555205047318612,0.2933753943217665
University of California Davis Medical Center (CA),Kidney,Deceased Donor,1313.0,97.13,94.44,99.91,98.29,0.4059405940594059,0.594059405940594,0.0685453160700685,0.1492764661081492,0.1919268849961919,0.2498095963442498,0.3198781416603198
University of California Davis Medical Center (CA),Kidney,Living Donor,297.0,100.0,99.55,100.0,99.55,0.3367003367003367,0.6632996632996633,0.1245791245791245,0.1784511784511784,0.2255892255892256,0.2121212121212121,0.1952861952861952
University of California Irvine Medical Center (CA),Kidney,Deceased Donor,631.0,98.41,93.05,98.86,94.71,0.3882725832012678,0.6117274167987322,0.0871632329635499,0.1870047543581616,0.1822503961965134,0.3153724247226624,0.2282091917591125
University of California San Diego Medical Center (CA),Kidney,Deceased Donor,618.0,99.39,94.37,99.39,95.89,0.3446601941747573,0.6553398058252428,0.0436893203883495,0.1310679611650485,0.1731391585760517,0.2702265372168285,0.3818770226537217
University of California San Diego Medical Center (CA),Kidney,Living Donor,236.0,99.01,96.57,99.51,97.14,0.4110169491525424,0.5889830508474576,0.1059322033898305,0.173728813559322,0.2033898305084746,0.326271186440678,0.1906779661016949
University of California San Francisco Medical Center (CA),Heart,Deceased Donor,249.0,97.04,93.21,98.22,93.21,0.2811244979919678,0.7188755020080321,0.1285140562248996,0.1325301204819277,0.1686746987951807,0.2489959839357429,0.321285140562249
University of California San Francisco Medical Center (CA),Kidney,Deceased Donor,1477.0,97.53,93.63,99.5,96.91,0.4346648612051456,0.5653351387948544,0.0595802301963439,0.1469194312796208,0.1855111712931618,0.2681110358835477,0.3398781313473256
University of California San Francisco Medical Center (CA),Kidney,Living Donor,708.0,99.49,98.44,100.0,99.13,0.3898305084745763,0.6101694915254238,0.1087570621468926,0.1652542372881356,0.1836158192090395,0.2415254237288135,0.3008474576271186
University of California San Francisco Medical Center (CA),Liver,Deceased Donor,873.0,97.88,94.34,99.29,95.76,0.3757159221076747,0.6242840778923253,0.0240549828178694,0.0595647193585337,0.138602520045819,0.3287514318442153,0.4490263459335624
University of California at Los Angeles Medical Center (CA),Heart,Deceased Donor,395.0,99.04,94.16,99.04,94.16,0.2936708860759494,0.7063291139240506,0.1164556962025316,0.0962025316455696,0.1113924050632911,0.2481012658227848,0.2936708860759494
University of California at Los Angeles Medical Center (CA),Kidney,Deceased Donor,1503.0,97.71,93.89,99.36,96.91,0.4131736526946107,0.5868263473053892,0.0671989354624085,0.1290751829673985,0.174983366600133,0.2761144377910845,0.3180306054557552
University of California at Los Angeles Medical Center (CA),Kidney,Living Donor,685.0,98.91,97.32,99.82,98.87,0.3927007299270073,0.6072992700729927,0.0948905109489051,0.1430656934306569,0.2014598540145985,0.2554744525547445,0.2773722627737226
University of California at Los Angeles Medical Center (CA),Liver,Deceased Donor,965.0,97.77,89.6,98.54,91.42,0.4010362694300518,0.5989637305699482,0.0590673575129533,0.1212435233160621,0.1668393782383419,0.2518134715025906,0.3347150259067357
University of California at Los Angeles Medical Center (CA),Lung,Deceased Donor,493.0,98.03,89.63,98.03,89.63,0.460446247464503,0.539553752535497,0.0385395537525354,0.0425963488843813,0.0993914807302231,0.255578093306288,0.563894523326572
University of Chicago Medical Center (IL),Kidney,Deceased Donor,680.0,96.68,89.76,98.81,92.67,0.3735294117647059,0.6264705882352941,0.0470588235294117,0.1102941176470588,0.1897058823529411,0.2220588235294117,0.3985294117647059
University of Chicago Medical Center (IL),Liver,Deceased Donor,395.0,94.61,86.56,95.58,87.95,0.3924050632911392,0.6075949367088608,0.0531645569620253,0.1468354430379747,0.2050632911392405,0.2556962025316455,0.2987341772151898
University of Cincinnati  Medical Center (OH),Kidney,Deceased Donor,878.0,97.84,93.62,99.27,96.3,0.4066059225512528,0.5933940774487472,0.0364464692482915,0.0899772209567198,0.1605922551252847,0.2676537585421412,0.4453302961275626
University of Cincinnati  Medical Center (OH),Kidney,Living Donor,203.0,98.9,98.32,99.44,98.88,0.4137931034482758,0.5862068965517241,0.1133004926108374,0.1182266009852216,0.2364532019704433,0.2758620689655172,0.2561576354679803
University of Colorado Hospital/Health Science Center (CO),Heart,Deceased Donor,289.0,94.86,88.95,94.86,88.95,0.259515570934256,0.740484429065744,0.0830449826989619,0.0865051903114186,0.1418685121107266,0.2629757785467128,0.4256055363321799
University of Colorado Hospital/Health Science Center (CO),Kidney,Deceased Donor,1083.0,98.31,92.58,99.1,96.38,0.3785780240073869,0.6214219759926131,0.077562326869806,0.1283471837488458,0.1865189289012003,0.2696214219759926,0.3379501385041551
University of Colorado Hospital/Health Science Center (CO),Kidney,Living Donor,468.0,98.97,97.72,100.0,99.13,0.376068376068376,0.6239316239316239,0.1388888888888889,0.1688034188034188,0.2264957264957265,0.2136752136752136,0.2521367521367521
University of Illinois Medical Center (IL),Kidney,Deceased Donor,1022.0,98.14,91.44,98.39,92.61,0.3610567514677104,0.6389432485322897,0.0518590998043052,0.162426614481409,0.2426614481409001,0.2935420743639921,0.2495107632093933
University of Iowa Hospitals and Clinics Transplant Programs (IA),Kidney,Deceased Donor,357.0,98.04,92.23,99.34,94.29,0.3557422969187675,0.6442577030812325,0.072829131652661,0.1512605042016806,0.1932773109243697,0.1904761904761904,0.3221288515406162
University of Iowa Hospitals and Clinics Transplant Programs (IA),Kidney,Living Donor,209.0,100.0,99.33,100.0,100.0,0.3588516746411483,0.6411483253588517,0.1291866028708134,0.1531100478468899,0.1531100478468899,0.1961722488038277,0.291866028708134
University of Kansas Hospital (KS),Heart,Deceased Donor,220.0,96.69,90.96,96.69,90.96,0.2545454545454545,0.7454545454545455,0.0772727272727272,0.0727272727272727,0.15,0.3,0.4
University of Kansas Hospital (KS),Kidney,Deceased Donor,849.0,97.37,92.47,99.27,95.26,0.4228504122497055,0.5771495877502945,0.055359246171967,0.1166077738515901,0.160188457008245,0.2720848056537102,0.3957597173144876
University of Kansas Hospital (KS),Kidney,Living Donor,180.0,98.63,97.69,100.0,99.22,0.3722222222222222,0.6277777777777778,0.1388888888888889,0.1055555555555555,0.2333333333333333,0.2277777777777777,0.2944444444444444
University of Maryland Medical System (MD),Liver,Deceased Donor,494.0,94.95,87.47,95.87,88.56,0.3643724696356275,0.6356275303643725,0.0384615384615384,0.1194331983805668,0.1821862348178137,0.2874493927125506,0.3724696356275304
University of Michigan Medical Center (MI),Heart,Deceased Donor,241.0,95.5,87.8,95.5,87.8,0.3319502074688796,0.6680497925311203,0.0663900414937759,0.0663900414937759,0.0871369294605809,0.2157676348547718,0.1991701244813278
University of Michigan Medical Center (MI),Kidney,Deceased Donor,1008.0,96.58,90.13,99.36,95.35,0.3660714285714285,0.6339285714285714,0.050595238095238,0.115079365079365,0.1775793650793651,0.2400793650793651,0.373015873015873
University of Michigan Medical Center (MI),Kidney,Living Donor,337.0,98.58,96.61,100.0,98.71,0.3768545994065282,0.6231454005934718,0.1097922848664688,0.1246290801186943,0.1810089020771513,0.1988130563798219,0.2759643916913946
University of Michigan Medical Center (MI),Liver,Deceased Donor,510.0,95.76,88.54,97.57,91.08,0.3705882352941176,0.6294117647058823,0.0372549019607843,0.1176470588235294,0.1254901960784313,0.2313725490196078,0.3705882352941176
"University of Minnesota Medical Center, Fairview (MN)",Kidney,Deceased Donor,607.0,98.32,93.95,99.58,97.02,0.4349258649093904,0.5650741350906096,0.0790774299835255,0.1449752883031301,0.1482701812191103,0.2487644151565074,0.2981878088962109
"University of Minnesota Medical Center, Fairview (MN)",Kidney,Living Donor,492.0,99.23,96.91,100.0,98.58,0.3699186991869919,0.6300813008130082,0.1097560975609756,0.1260162601626016,0.1341463414634146,0.1727642276422764,0.3638211382113821
"University of Minnesota Medical Center, Fairview (MN)",Liver,Deceased Donor,597.0,97.49,94.36,98.31,95.43,0.4003350083752093,0.5996649916247906,0.0368509212730318,0.1021775544388609,0.1792294807370184,0.3165829145728643,0.2479061976549413
University of North Carolina Hospitals (NC),Kidney,Deceased Donor,640.0,98.41,92.89,99.01,94.98,0.45625,0.54375,0.0765625,0.128125,0.1953125,0.2328125,0.3171875
University of Pittsburgh Medical Center (PA),Heart,Deceased Donor,189.0,94.84,88.55,94.84,88.55,0.2857142857142857,0.7142857142857143,0.0952380952380952,0.1428571428571428,0.1904761904761904,0.2645502645502645,0.3068783068783068
University of Pittsburgh Medical Center (PA),Kidney,Deceased Donor,699.0,97.33,89.46,99.83,94.87,0.3805436337625179,0.6194563662374821,0.0572246065808297,0.1244635193133047,0.1587982832618025,0.223175965665236,0.4363376251788269
University of Pittsburgh Medical Center (PA),Kidney,Living Donor,424.0,99.72,97.46,100.0,97.78,0.3419811320754717,0.6580188679245284,0.1014150943396226,0.1485849056603773,0.1910377358490566,0.2240566037735849,0.3349056603773584
University of Pittsburgh Medical Center (PA),Lung,Deceased Donor,348.0,97.34,83.81,97.34,84.12,0.4224137931034483,0.5775862068965517,0.0603448275862069,0.0632183908045977,0.0632183908045977,0.2959770114942529,0.5172413793103449
University of Tennessee Medical Center at Knoxville (TN),Kidney,Deceased Donor,267.0,99.53,97.46,99.53,97.96,0.3745318352059925,0.6254681647940075,0.0674157303370786,0.1385767790262172,0.1947565543071161,0.247191011235955,0.352059925093633
University of Texas Medical Branch at Galveston (TX),Kidney,Deceased Donor,475.0,98.45,92.8,99.48,94.94,0.3936842105263158,0.6063157894736843,0.0863157894736842,0.1936842105263158,0.1894736842105263,0.2568421052631578,0.2736842105263158
University of Toledo Medical Center (OH),Kidney,Deceased Donor,866.0,98.4,92.36,99.42,94.24,0.3672055427251732,0.6327944572748267,0.0438799076212471,0.0681293302540415,0.1639722863741339,0.277136258660508,0.4468822170900693
University of Utah Medical Center (UT),Kidney,Deceased Donor,592.0,99.18,92.97,99.8,95.25,0.4273648648648648,0.5726351351351351,0.1114864864864864,0.1773648648648648,0.1537162162162162,0.2212837837837837,0.3361486486486486
University of Utah Medical Center (UT),Kidney,Living Donor,283.0,99.13,96.43,99.57,97.44,0.3533568904593639,0.6466431095406361,0.1378091872791519,0.166077738515901,0.1837455830388692,0.2049469964664311,0.3074204946996466
University of Utah Medical Center (UT),Liver,Deceased Donor,239.0,97.84,89.47,98.37,91.89,0.3765690376569037,0.6234309623430963,0.0794979079497908,0.200836820083682,0.2301255230125523,0.2468619246861924,0.2426778242677824
University of Virginia Health Sciences Center (VA),Kidney,Deceased Donor,827.0,98.24,94.21,99.36,97.03,0.3845223700120919,0.6154776299879081,0.0435308343409915,0.1015719467956469,0.1717049576783555,0.2889963724304716,0.3627569528415961
University of Virginia Health Sciences Center (VA),Liver,Deceased Donor,448.0,98.09,93.85,98.63,95.18,0.3816964285714285,0.6183035714285714,0.0513392857142857,0.0892857142857142,0.1629464285714285,0.3348214285714285,0.3258928571428571
University of Washington Medical Center (WA),Heart,Deceased Donor,377.0,96.31,91.79,96.97,92.11,0.2705570291777188,0.7294429708222812,0.0848806366047745,0.1007957559681697,0.1538461538461538,0.2838196286472148,0.376657824933687
University of Washington Medical Center (WA),Kidney,Deceased Donor,908.0,98.88,96.28,99.86,98.54,0.4008810572687225,0.5991189427312775,0.0726872246696035,0.1112334801762114,0.1530837004405286,0.2290748898678414,0.4339207048458149
University of Washington Medical Center (WA),Kidney,Living Donor,220.0,100.0,99.42,100.0,100.0,0.3181818181818182,0.6818181818181818,0.1227272727272727,0.1863636363636363,0.1954545454545454,0.2045454545454545,0.2909090909090909
University of Washington Medical Center (WA),Liver,Deceased Donor,603.0,98.39,95.55,98.99,97.2,0.330016583747927,0.6699834162520729,0.0547263681592039,0.1044776119402985,0.1824212271973466,0.3134328358208955,0.3449419568822554
"VCU Health System Authority, VCUMC (VA)",Kidney,Deceased Donor,1428.0,98.1,91.46,99.39,95.02,0.3970588235294117,0.6029411764705882,0.0280112044817927,0.1015406162464986,0.1680672268907563,0.2850140056022409,0.3984593837535014
Vanderbilt University Medical Center (TN),Heart,Deceased Donor,804.0,95.43,88.98,95.43,88.98,0.3022388059701492,0.6977611940298507,0.0497512437810945,0.0970149253731343,0.1766169154228855,0.2425373134328358,0.3072139303482587
Vanderbilt University Medical Center (TN),Kidney,Deceased Donor,1340.0,98.54,92.56,99.22,94.9,0.3962686567164179,0.6037313432835821,0.0619402985074626,0.1350746268656716,0.208955223880597,0.2753731343283582,0.2865671641791045
Vanderbilt University Medical Center (TN),Kidney,Living Donor,349.0,99.32,97.56,99.66,98.94,0.3667621776504298,0.6332378223495702,0.1117478510028653,0.166189111747851,0.2349570200573066,0.2234957020057306,0.1833810888252149
Vanderbilt University Medical Center (TN),Liver,Deceased Donor,847.0,96.42,91.4,97.63,93.18,0.3518299881936245,0.6481700118063755,0.0236127508854781,0.0708382526564344,0.1711924439197166,0.3022432113341204,0.3435655253837072
Virginia Mason Medical Center (WA),Kidney,Deceased Donor,346.0,99.32,94.14,99.66,94.83,0.3526011560693641,0.6473988439306358,0.0606936416184971,0.1589595375722543,0.1820809248554913,0.2283236994219653,0.3699421965317919
Virtua Our Lady of Lourdes Hospital (NJ),Kidney,Deceased Donor,286.0,96.7,90.0,99.06,94.09,0.3531468531468531,0.6468531468531469,0.0594405594405594,0.1258741258741259,0.1643356643356643,0.3286713286713286,0.3216783216783216
Wake Forest Baptist Medical Center (NC),Kidney,Deceased Donor,1032.0,97.98,90.83,99.66,94.23,0.4903100775193798,0.5096899224806202,0.0523255813953488,0.1153100775193798,0.190891472868217,0.2422480620155038,0.3808139534883721
Walter Reed National Military Medical Center at Bethesda (MD),Kidney,Deceased Donor,176.0,100.0,96.85,100.0,99.19,0.375,0.625,0.1022727272727272,0.1363636363636363,0.1306818181818181,0.2556818181818182,0.375
"Wellstar MCG Health, affiliated with Medical College of Georgia (GA)",Kidney,Deceased Donor,450.0,98.29,88.22,99.14,93.99,0.4244444444444444,0.5755555555555556,0.0577777777777777,0.1133333333333333,0.1711111111111111,0.2711111111111111,0.3422222222222222
Willis-Knighton Medical Center (LA),Kidney,Deceased Donor,246.0,98.43,93.82,98.95,94.92,0.3983739837398374,0.6016260162601627,0.08130081300813,0.1626016260162601,0.2235772357723577,0.2804878048780488,0.2520325203252032
